"0","pnorm(c(40:45), mean = 50, sd = 20)
"
"1","[1]"
"1"," 0.3085375"
"1"," 0.3263552"
"1"," 0.3445783"
"1"," 0.3631693"
"1"," 0.3820886"
"1"," 0.4012937"
"1","
"
