"0","dnorm(c(40:45), mean = 50, sd = 20)
"
"1","[1]"
"1"," 0.01760327"
"1"," 0.01802635"
"1"," 0.01841351"
"1"," 0.01876202"
"1"," 0.01906939"
"1","
"
"1","[6]"
"1"," 0.01933341"
"1","
"
